{"cameraMode":{"drawMode":0,"name":"Shaded","section":"Shading Mode"},"sceneLighting":true,"audioPlay":false,"sceneViewState":{"m_AlwaysRefresh":false,"showFog":true,"showSkybox":true,"showFlares":true,"showImageEffects":true,"showParticleSystems":true,"showVisualEffectGraphs":true,"m_FxEnabled":false},"in2DMode":false,"pivot":{"x":0.44073939323425295,"y":9.597570419311524,"z":-14.501529693603516},"rotation":{"x":0.12335553765296936,"y":-0.20214319229125977,"z":0.025581594556570054,"w":0.9712643027305603},"size":3.5541858673095705,"orthographic":false}