{"cameraMode":{"drawMode":0,"name":"Shaded","section":"Shading Mode"},"sceneLighting":true,"audioPlay":false,"sceneViewState":{"m_AlwaysRefresh":false,"showFog":true,"showSkybox":true,"showFlares":true,"showImageEffects":true,"showParticleSystems":true,"showVisualEffectGraphs":true,"m_FxEnabled":false},"in2DMode":false,"pivot":{"x":0.6294134259223938,"y":12.64278507232666,"z":-14.302726745605469},"rotation":{"x":-0.08799126744270325,"y":-0.18534372746944428,"z":-0.01676134206354618,"w":0.9786274433135986},"size":3.2546744346618654,"orthographic":false}