{"cameraMode":{"drawMode":0,"name":"Shaded","section":"Shading Mode"},"sceneLighting":true,"audioPlay":false,"sceneViewState":{"m_AlwaysRefresh":false,"showFog":true,"showSkybox":true,"showFlares":true,"showImageEffects":true,"showParticleSystems":true,"showVisualEffectGraphs":true,"m_FxEnabled":true},"in2DMode":false,"pivot":{"x":-11.242676734924317,"y":-3.229792356491089,"z":-7.642477989196777},"rotation":{"x":0.23208272457122804,"y":-0.43202388286590578,"z":0.11610262840986252,"w":0.8637544512748718},"size":4.8385844230651859,"orthographic":false}