{"cameraMode":{"drawMode":0,"name":"Shaded","section":"Shading Mode"},"sceneLighting":true,"audioPlay":false,"sceneViewState":{"m_AlwaysRefresh":false,"showFog":true,"showSkybox":true,"showFlares":true,"showImageEffects":true,"showParticleSystems":true,"showVisualEffectGraphs":true,"m_FxEnabled":true},"in2DMode":false,"pivot":{"x":-2.544743299484253,"y":5.048018932342529,"z":12.064397811889649},"rotation":{"x":0.38018718361854555,"y":-0.003331663552671671,"z":0.0013684822479262949,"w":0.9249059557914734},"size":0.0012697671772912145,"orthographic":false}